Name	GCP Project
Sugimoto Aoi	recruit-hackathon-2026-a
Pradillo Lopez-Ortum Rafael	recruit-hackathon-2026-a
Ji Jiyuan	recruit-hackathon-2026-b
Rina Konishi	recruit-hackathon-2026-b
Guo Xuanming	recruit-hackathon-2026-b
Koyanagi Risa	recruit-hackathon-2026-c
Oyama Keigo	recruit-hackathon-2026-c
Yuto Aoki	recruit-hackathon-2026-c
Tenma Komine	recruit-hackathon-2026-d
Siddiqui Wania	recruit-hackathon-2026-d
Chun Jinhyun	recruit-hackathon-2026-d
Steven Yang	recruit-hackathon-2026-e
Kho Carl Vincent	recruit-hackathon-2026-e
Anish Manu	recruit-hackathon-2026-f
Lee Christian	recruit-hackathon-2026-f
Ian Setia	recruit-hackathon-2026-g
Naoto Goto	recruit-hackathon-2026-g
Tejwani Kaartik	recruit-hackathon-2026-g
Aman Anwar	recruit-hackathon-2026-h
Triana Stiven	recruit-hackathon-2026-h
Smith Jake	recruit-hackathon-2026-i
Yoshimuta Yu	recruit-hackathon-2026-i
Tatsuya Sugiyama	recruit-hackathon-2026-j
Asano Shunta	recruit-hackathon-2026-j
Inagaki Chika	recruit-hackathon-2026-j
Sharma Mihir	recruit-hackathon-2026-k
Kaho Furukawa	recruit-hackathon-2026-k
Miki Takeshi	recruit-hackathon-2026-l
Cao Eric	recruit-hackathon-2026-l